<?xml version="1.0" encoding="UTF-8"?>
<project-private xmlns="http://www.netbeans.org/ns/project-private/1">
    <editor-bookmarks xmlns="http://www.netbeans.org/ns/editor-bookmarks/2" lastBookmarkId="0"/>
    <open-files xmlns="http://www.netbeans.org/ns/projectui-open-files/2">
        <group>
            <file>file:/Users/tejasjadhav/Desktop/Tejas%20Project/Project/src/project/MainPage.java</file>
            <file>file:/Users/tejasjadhav/Desktop/Tejas%20Project/Project/src/project/NotificationForm.java</file>
            <file>file:/Users/tejasjadhav/Desktop/Tejas%20Project/Project/src/project/Processing.java</file>
            <file>file:/Users/tejasjadhav/Desktop/Tejas%20Project/Project/src/project/DeliveryAddress.java</file>
            <file>file:/Users/tejasjadhav/Desktop/Tejas%20Project/Project/src/project/ForgotPasswordFrame.java</file>
            <file>file:/Users/tejasjadhav/Desktop/Tejas%20Project/Project/src/project/SignedIn.java</file>
            <file>file:/Users/tejasjadhav/Desktop/Tejas%20Project/Project/src/project/ErrorOccured.java</file>
            <file>file:/Users/tejasjadhav/Desktop/Tejas%20Project/Project/src/project/AdminPanel.java</file>
            <file>file:/Users/tejasjadhav/Desktop/Tejas%20Project/Project/src/project/ProductInformation.java</file>
        </group>
    </open-files>
</project-private>
